full_name, email, gender, phone

varadas pavardenis,  vardas.pavardenis@gmal.com,  moteris,   37068711223
varadas pavardenis,  vardas.pavardenis@gmal.com,  vyras,  86123456

ht,  vardas.pavardenis@gmal.co,  vyras,  37068711223

ht,  vardas.pavardenis@gmal.co,  vyras,  37068711oi

varadas pavardenis,  ghri@jkk.com,  vyras,  9877667

varadas pavardenis,  ghri@jkk.com,  vyras,  yuui9877667

varadas pavardenis,  ghri@jkk.com,  vyras,  yuui9877667

pavardenis vardas,  gintariukai@yahoo.com,  vyras,   37068711223

varadas pavardenis,  vardas.pavardenis@gmal.com,  vyras,  37068711223

